{"theta": [0.0, 0.01, 0.02, 0.03, 0.04, 0.05, 0.06, 0.07, 0.08, 0.09, 0.1, 0.11, 0.12, 0.13, 0.14, 0.15, 0.16, 0.17, 0.18, 0.19, 0.2, 0.21, 0.22, 0.23, 0.24, 0.25, 0.26, 0.27, 0.28, 0.29, 0.3, 0.31, 0.32, 0.33, 0.34, 0.35000000000000003, 0.36, 0.37, 0.38, 0.39, 0.4, 0.41000000000000003, 0.42, 0.43, 0.44, 0.45, 0.46, 0.47000000000000003, 0.48, 0.49, 0.5, 0.51, 0.52, 0.53, 0.54, 0.55, 0.56, 0.5700000000000001, 0.58, 0.59, 0.6, 0.61, 0.62, 0.63, 0.64, 0.65, 0.66, 0.67, 0.68, 0.6900000000000001, 0.7000000000000001, 0.71, 0.72, 0.73, 0.74, 0.75, 0.76, 0.77, 0.78, 0.79, 0.8, 0.81, 0.8200000000000001, 0.8300000000000001, 0.84, 0.85, 0.86, 0.87, 0.88, 0.89, 0.9, 0.91, 0.92, 0.93, 0.9400000000000001, 0.9500000000000001, 0.96, 0.97, 0.98], "x_up": [0.0, 0.0, 0.0, 0.0, 0.0, 0.0, 0.0, 0.0, 0.0, 0.0, 0.0, 0.0, 0.0, 0.0, 0.0, 0.0, 0.0, 0.0, 0.0, 0.0, 0.0, 0.0, 0.0, 0.0, 0.0, 0.0, 0.0, 0.0, 0.0, 0.0, 0.0, 0.0, 0.0, 0.0, 0.0, 0.0, 0.0, 0.0, 0.0, 0.0, 0.0, 0.0, 0.0, 0.0, 0.0, 0.0, 0.0, 0.0, 0.0, 0.0, 0.0, 0.0, 0.0, 0.0, 0.0, 0.0, 0.0, 0.0, 0.0, 0.0, 0.0, 0.0, 0.0, 0.0, 0.0, 0.26105498624788714, 0.40929932025182053, 0.5087345646111033, 0.5852285811981459, 0.6473233703809683, 0.6991741572340311, 0.7432001632897386, 0.780969858661709, 0.8135767201916095, 0.8418244834045981, 0.866328522735858, 0.8875758353325847, 0.9059627800779434, 0.9218200491077311, 0.9354299129911596, 0.9470385761418025, 0.9568653048717645, 0.9651093220902318, 0.9719550528470344, 0.9775760301601238, 0.9821375680752564, 0.9857981522587105, 0.9887093916004096, 0.9910143548505874, 0.992844256804964, 0.9943138453640475, 0.9955164968588034, 0.9965207598075405, 0.9973703434386302, 0.9980885670203429, 0.9986859324997045, 0.9991673604857112, 0.9995362975938885, 0.9997959600081616], "x_down": [0.0, 0.0, 0.0, 0.0, 0.0, 0.0, 0.0, 0.0, 0.0, 0.0, 0.0, 0.0, 0.0, 0.0, 0.0, 0.0, 0.0, 0.0, 0.0, 0.0, 0.0, 0.0, 0.0, 0.0, 0.0, 0.0, 0.0, 0.0, 0.0, 0.0, 0.0, 0.0, 0.0, 0.0, 0.0, 0.0, 0.0, 0.0, 0.0, 0.0, 0.0, 0.0, 0.0, 0.0, 0.0, 0.0, 0.0, 0.0, 0.0, 0.0, 0.0, 0.0, 0.0, 0.0, 0.0, 0.0, 0.0, 0.0, 0.0, 0.0, 0.0, 0.0, 0.0, 4.4e-323, 1.83e-322, -0.26105498624788726, -0.4092993202518204, -0.5087345646111033, -0.5852285811981459, -0.6473233703809683, -0.6991741572340312, -0.7432001632897384, -0.7809698586617092, -0.8135767201916094, -0.841824483404598, -0.8663285227358579, -0.8875758353325847, -0.9059627800779434, -0.9218200491077311, -0.9354299129911596, -0.9470385761418025, -0.9568653048717644, -0.9651093220902317, -0.9719550528470344, -0.9775760301601238, -0.9821375680752564, -0.9857981522587105, -0.9887093916004095, -0.9910143548505875, -0.992844256804964, -0.9943138453640477, -0.9955164968588034, -0.9965207598075405, -0.9973703434386302, -0.9980885670203429, -0.9986859324997045, -0.9991673604857112, -0.9995362975938885, -0.9997959600081616], "x_mid": [0.0, 0.0, 0.0, 0.0, 0.0, 0.0, 0.0, 0.0, 0.0, 0.0, 0.0, 0.0, 0.0, 0.0, 0.0, 0.0, 0.0, 0.0, 0.0, 0.0, 0.0, 0.0, 0.0, 0.0, 0.0, 0.0, 0.0, 0.0, 0.0, 0.0, 0.0, 0.0, 0.0, 0.0, 0.0, 0.0, 0.0, 0.0, 0.0, 0.0, 0.0, 0.0, 0.0, 0.0, 0.0, 0.0, 0.0, 0.0, 0.0, 0.0, 0.0, 0.0, 0.0, 0.0, 0.0, 0.0, 0.0, 0.0, 0.0, 0.0, 0.0, 0.0, 0.0, 0.0, 0.0, 0.0, 0.0, 0.0, 0.0, 0.0, 0.0, 0.0, 0.0, 0.0, 0.0, 0.0, 0.0, 0.0, 0.0, 0.0, 0.0, 0.0, 0.0, 0.0, 0.0, 0.0, 0.0, 0.0, 0.0, 0.0, 0.0, 0.0, 0.0, 0.0, 0.0, 0.0, 0.0, 0.0, 0.0], "x_range": [0.1, 0.2, 0.30000000000000004, 0.4, 0.5, 0.6, 0.7000000000000001, 0.8, 0.9, 1.0], "y_range": [-1.5, -1.1666666666666667, -0.8333333333333334, -0.5, -0.16666666666666674, 0.16666666666666652, 0.5, 0.833333333333333, 1.1666666666666665, 1.5], "x": [[0.1, 0.2, 0.30000000000000004, 0.4, 0.5, 0.6, 0.7000000000000001, 0.8, 0.9, 1.0], [0.1, 0.2, 0.30000000000000004, 0.4, 0.5, 0.6, 0.7000000000000001, 0.8, 0.9, 1.0], [0.1, 0.2, 0.30000000000000004, 0.4, 0.5, 0.6, 0.7000000000000001, 0.8, 0.9, 1.0], [0.1, 0.2, 0.30000000000000004, 0.4, 0.5, 0.6, 0.7000000000000001, 0.8, 0.9, 1.0], [0.1, 0.2, 0.30000000000000004, 0.4, 0.5, 0.6, 0.7000000000000001, 0.8, 0.9, 1.0], [0.1, 0.2, 0.30000000000000004, 0.4, 0.5, 0.6, 0.7000000000000001, 0.8, 0.9, 1.0], [0.1, 0.2, 0.30000000000000004, 0.4, 0.5, 0.6, 0.7000000000000001, 0.8, 0.9, 1.0], [0.1, 0.2, 0.30000000000000004, 0.4, 0.5, 0.6, 0.7000000000000001, 0.8, 0.9, 1.0], [0.1, 0.2, 0.30000000000000004, 0.4, 0.5, 0.6, 0.7000000000000001, 0.8, 0.9, 1.0], [0.1, 0.2, 0.30000000000000004, 0.4, 0.5, 0.6, 0.7000000000000001, 0.8, 0.9, 1.0]], "y": [[-1.5, -1.5, -1.5, -1.5, -1.5, -1.5, -1.5, -1.5, -1.5, -1.5], [-1.1666666666666667, -1.1666666666666667, -1.1666666666666667, -1.1666666666666667, -1.1666666666666667, -1.1666666666666667, -1.1666666666666667, -1.1666666666666667, -1.1666666666666667, -1.1666666666666667], [-0.8333333333333334, -0.8333333333333334, -0.8333333333333334, -0.8333333333333334, -0.8333333333333334, -0.8333333333333334, -0.8333333333333334, -0.8333333333333334, -0.8333333333333334, -0.8333333333333334], [-0.5, -0.5, -0.5, -0.5, -0.5, -0.5, -0.5, -0.5, -0.5, -0.5], [-0.16666666666666674, -0.16666666666666674, -0.16666666666666674, -0.16666666666666674, -0.16666666666666674, -0.16666666666666674, -0.16666666666666674, -0.16666666666666674, -0.16666666666666674, -0.16666666666666674], [0.16666666666666652, 0.16666666666666652, 0.16666666666666652, 0.16666666666666652, 0.16666666666666652, 0.16666666666666652, 0.16666666666666652, 0.16666666666666652, 0.16666666666666652, 0.16666666666666652], [0.5, 0.5, 0.5, 0.5, 0.5, 0.5, 0.5, 0.5, 0.5, 0.5], [0.833333333333333, 0.833333333333333, 0.833333333333333, 0.833333333333333, 0.833333333333333, 0.833333333333333, 0.833333333333333, 0.833333333333333, 0.833333333333333, 0.833333333333333], [1.1666666666666665, 1.1666666666666665, 1.1666666666666665, 1.1666666666666665, 1.1666666666666665, 1.1666666666666665, 1.1666666666666665, 1.1666666666666665, 1.1666666666666665, 1.1666666666666665], [1.5, 1.5, 1.5, 1.5, 1.5, 1.5, 1.5, 1.5, 1.5, 1.5]], "u": [[0.0, 0.0, 0.0, 0.0, 0.0, 0.0, 0.0, 0.0, 0.0, 0.0], [0.0, 0.0, 0.0, 0.0, 0.0, 0.0, 0.0, 0.0, 0.0, 0.0], [0.0, 0.0, 0.0, 0.0, 0.0, 0.0, 0.0, 0.0, 0.0, 0.0], [0.0, 0.0, 0.0, 0.0, 0.0, 0.0, 0.0, 0.0, 0.0, 0.0], [0.0, 0.0, 0.0, 0.0, 0.0, 0.0, 0.0, 0.0, 0.0, 0.0], [0.0, 0.0, 0.0, 0.0, 0.0, 0.0, 0.0, 0.0, 0.0, 0.0], [0.0, 0.0, 0.0, 0.0, 0.0, 0.0, 0.0, 0.0, 0.0, 0.0], [0.0, 0.0, 0.0, 0.0, 0.0, 0.0, 0.0, 0.0, 0.0, 0.0], [0.0, 0.0, 0.0, 0.0, 0.0, 0.0, 0.0, 0.0, 0.0, 0.0], [0.0, 0.0, 0.0, 0.0, 0.0, 0.0, 0.0, 0.0, 0.0, 0.0]],